id,nom,prenom,id_for,id_salle
1,Leupold,Riseley,1,1
2,Wolfgang,Briance,2,1
3,Ermanno,Derington,3,1
4,Gianni,Coleby,4,1
5,Gilligan,Denness,5,1
6,Rich,Ledbetter,6,1
7,Leupold,Bateup,7,1
8,Lon,Codron,8,1
9,Myrwyn,Tomasino,9,1
10,Jennie,Jachimiak,10,1
11,Walliw,Leddy,11,1
12,Whit,Marples,12,1
13,Lutero,Butland,13,2
14,Diane-marie,Wildblood,14,2
15,Rudiger,Franklen,15,2
16,Sheela,Fibbitts,16,2
17,Jase,Chadband,17,2
18,Franny,Tierny,18,2
19,Sianna,Kacheler,19,2
20,Christyna,McKomb,20,2
21,Juieta,Balffye,21,2
22,Josi,O'Kielt,22,2
23,Alexio,Sauniere,23,2
24,Jeanie,Tayspell,24,2
25,Ulla,Ollie,25,2
26,June,Dummigan,26,3
27,Sean,Barensky,27,3
28,Janeen,Gaymar,28,3
29,Alysa,Midlane,29,3
30,Franchot,Justis,30,3
31,Catharine,Shilstone,31,3
32,Hendrick,Standingford,32,3
33,Ramsey,Potticary,33,3
34,Stace,Dally,34,3
35,Elissa,Ambrosoni,35,3
36,Barbette,Mesant,36,3
37,Elyssa,Lemmen,37,3
38,Cyrill,Toms,38,3
39,Danny,Maharry,39,3
40,Conrad,McNickle,40,3
41,Duky,Ganiford,41,3
42,Eadith,Harmar,42,3
43,Riane,Kenwell,43,3
44,Phylys,Gatecliffe,44,3
45,Ennis,Gurery,45,3
46,Robena,Collyns,46,3
47,Kate,Brenneke,47,3
48,Kristyn,Brimilcombe,48,4
49,Renelle,Sager,49,4
50,Cathyleen,Howkins,50,4
51,Adore,Keunemann,1,4
52,Timoteo,Fidge,2,4
53,Chlo,Corp,3,4
54,Tommie,Windham,4,4
55,Ivan,Hambidge,5,4
56,Madelaine,Dow,6,4
57,Prentiss,Yate,7,4
58,Dido,Ensor,8,4
59,Channa,Bruneton,9,4
60,Nollie,Alexandersson,10,4
61,Merilyn,Yeulet,11,4
62,Magda,Geraudy,12,4
63,Gilbertine,Duffy,13,4
64,Nerte,Redpath,14,4
65,Marcello,Klazenga,15,4
66,Brandais,Credland,16,4
67,Lydie,Frame,17,4
68,Smitty,Helliwell,18,4
69,Corey,Gorse,19,4
70,Sibilla,Duny,20,4
71,Edee,Folliott,21,5
72,Ezra,Pellamont,22,5
73,Danya,Booij,23,5
74,Berri,Aingell,24,5
75,Giff,Shakshaft,25,5
76,Nico,Poser,26,5
77,Chere,Yakunkin,27,5
78,Gaspard,Ragdale,28,5
79,Libbie,Villaret,29,5
80,Moyra,Rudyard,30,5
81,Gilberta,Howood,31,5
82,Elana,Sango,32,5
83,Aggie,Cluitt,33,5
84,Faber,Renyard,34,5
85,Marmaduke,Doleman,35,5
86,Sorcha,Gerhts,36,5
87,Lou,Muzzullo,37,5
88,Xerxes,Scarre,38,5
89,Darrel,Reeson,39,5
90,Harriott,Stubbes,40,5
91,Meriel,Buckerfield,41,5
92,Oona,Demogeot,42,5
93,Horatius,Alwood,43,6
94,Chelsae,Ayrton,44,6
95,Denise,Risdale,45,6
96,Roch,Gillbard,46,6
97,Natal,Quince,47,6
98,Welby,Fragino,48,6
99,Deanna,McBeith,49,6
100,Aidan,Picford,50,6
